"Lower","Upper","Triadic HE","ct","pmax","triad"
60,1090,2.48997926723695,15,0.179132883297307,"16/17/31"
140,50,2.44325724333303,12,0.176549714129802,"10/11/11"
150,1090,2.43920483035704,13,0.152769360078035,"13/14/26"
150,1160,2.4030434724467,12,0.172122671572895,"11/12/23"
50,130,2.40029023215908,12,0.165197308666328,"11/11/12"
50,50,2.39143303070873,11,0.150149066019222,"21/21/22"
1090,770,2.31601160606728,12,0.20564283010955,"8/15/23"
50,220,2.31011750538077,11,0.196608520946922,"7/7/8"
120,1170,2.29752948954063,11,0.154160346871957,"16/17/34"
50,440,2.29664043004723,11,0.190125722445636,"18/19/24"
1050,110,2.28858710746587,11,0.205011155493575,"7/13/14"
100,40,2.28549311461551,12,0.18283535874914,"14/15/15"
40,90,2.27667987124013,12,0.180936728768381,"15/15/16"
1080,710,2.2579139722127,12,0.246866863797011,"7/13/20"
120,1110,2.25660780316443,11,0.180554358965006,"16/17/32"
1160,150,2.25609740345117,11,0.225796390705303,"6/12/13"
1050,40,2.24516622720059,11,0.256565168160189,"7/13/13"
50,730,2.23513120791987,11,0.186239903892414,"11/11/17"
230,50,2.23501224360561,11,0.209788274178442,"16/18/19"
1160,640,2.23090296369846,12,0.221964893441507,"7/14/20"
740,40,2.22634898691138,11,0.195889934540718,"9/14/14"
50,380,2.21921500672659,10,0.220601672621403,"4/4/5"
50,610,2.2174416937742,12,0.235753305668825,"9/9/13"
50,510,2.20149990244384,11,0.203009215054718,"18/19/25"
50,530,2.19985619126276,12,0.269594374962146,"8/8/11"
970,190,2.19789022976994,9,0.157449683521767,"12/21/23"
1090,150,2.19376129741697,10,0.21645030746627,"7/13/14"
50,310,2.17461720188879,10,0.185606969263107,"5/5/6"
1120,40,2.17436110713044,9,0.181957938611191,"13/25/25"
1160,90,2.17415308510085,12,0.190576534910111,"12/24/25"
10,1120,2.173416121912,11,0.180379412171032,"11/11/21"
130,1040,2.16796577513531,10,0.17677898994916,"11/12/22"
980,40,2.15739753603018,10,0.208050292835066,"9/16/16"
180,1150,2.15281615424653,12,0.253996668245752,"9/10/19"
1010,230,2.14932338534026,10,0.201936280386976,"11/20/23"
10,100,2.14272480599694,10,0.179507295571019,"16/16/17"
1150,790,2.13791812751414,10,0.257295903086329,"12/23/36"
50,770,2.13594417494917,10,0.195469898620418,"7/7/11"
50,890,2.12857918622931,9,0.218438840483313,"10/10/17"
50,1010,2.11796090206498,10,0.196502790541321,"6/6/11"
670,440,2.11657637399494,9,0.17802262383529,"11/16/21"
620,40,2.11058431544536,9,0.25974893960997,"9/13/13"
420,40,2.105723799102,11,0.317120873629948,"7/9/9"
1160,210,2.10227119616203,10,0.229870261946772,"4/8/9"
50,820,2.09883597739421,11,0.293127012421061,"8/8/13"
180,980,2.094955307447,10,0.263117646868171,"8/9/16"
1160,680,2.09461815984477,10,0.236919019116573,"12/23/34"
730,790,2.07957779564873,10,0.258425064217378,"8/12/19"
60,1040,2.07790405444941,10,0.345638224450151,"17/18/32"
50,970,2.077353507899,8,0.231135254830653,"9/9/16"
670,120,2.07691758241041,10,0.205910665417751,"10/15/16"
400,40,2.07023063311121,10,0.232778149469638,"11/14/14"
110,0,2.06925498375234,9,0.197234271888079,"15/16/16"
330,50,2.06659191334649,10,0.270489194569699,"16/19/20"
770,890,2.06502615486065,10,0.230859780589099,"13/20/34"
1160,1160,2.06386798843776,9,0.226553793558535,"7/14/27"
670,570,2.05651814289932,9,0.247364796546532,"14/21/29"
1160,460,2.05590531224158,9,0.219265131987795,"7/14/18"
820,340,2.0546364485459,9,0.245328996335928,"12/19/23"
670,810,2.05250690794168,9,0.223725253823676,"8/12/19"
50,640,2.05129858589948,9,0.278045126312954,"18/19/27"
510,40,2.0511065901401,9,0.228039299335015,"11/15/15"
1090,80,2.05100456864352,10,0.234734473550079,"9/17/18"
60,990,2.05069672057743,12,0.253550162324016,"16/17/30"
450,40,2.04740540964891,10,0.238732824017288,"18/23/24"
230,1060,2.04694665490358,9,0.294546547280895,"7/8/15"
740,560,2.04517338799111,10,0.239437357586081,"9/14/19"
1150,1120,2.04489264402096,10,0.278774549059837,"11/21/40"
120,160,2.04244210850834,10,0.212292370030707,"17/18/20"
640,940,2.04120237444365,9,0.20951226994186,"14/20/35"
130,970,2.04098047738695,9,0.227213589747824,"11/12/21"
1160,360,2.03945231073357,9,0.256208167703696,"7/14/17"
800,440,2.03898535812918,10,0.267518371120679,"13/21/27"
1160,1030,2.03502801319953,11,0.297637270505751,"5/10/18"
590,40,2.03399066177034,9,0.301224447604298,"7/10/10"
740,420,2.03358488255509,8,0.221643636195774,"13/20/25"
1160,1090,2.0311631245767,8,0.207209760143054,"7/14/26"
920,40,2.02957691439765,9,0.234739505510192,"7/12/12"
1070,870,2.02595231659167,11,0.226222975586209,"8/15/25"
880,360,2.02294383462175,9,0.25235315349817,"12/20/25"
860,790,2.01749563029929,10,0.226241877440076,"12/20/31"
780,1090,2.0164451954905,8,0.211948449539248,"11/17/32"
650,510,2.01331723133255,10,0.254973050467555,"15/22/29"
1090,30,2.01261845664871,9,0.247345494117792,"9/17/17"
120,990,2.01194793520939,9,0.232176319109472,"12/13/23"
620,110,2.01162405662037,9,0.236631845478488,"12/17/18"
670,1170,2.00975756202871,9,0.186635041997074,"13/19/37"
1160,590,2.00964722494876,10,0.227112804200347,"5/10/14"
1150,850,2.00608622662651,10,0.38506037617482,"11/21/35"
640,880,2.00400309336458,8,0.227419993886759,"9/13/22"
280,1100,2.00313360555225,9,0.227195369856561,"6/7/13"
280,1030,1.99716483291573,8,0.257660613947998,"6/7/13"
900,260,1.99558512830979,9,0.293721648487397,"12/20/23"
670,980,1.99365627804708,9,0.219071957407878,"13/19/34"
800,500,1.99339218278671,9,0.26935333071281,"10/16/21"
220,1010,1.9933274248756,9,0.308840806243764,"8/9/16"
1160,880,1.99193213942938,9,0.241137514119679,"7/14/23"
250,1110,1.98547140184665,9,0.230624540909427,"6/7/13"
1120,110,1.98419389015053,9,0.250901307676634,"9/17/18"
230,1170,1.98321150387366,9,0.193985331074134,"8/9/18"
1010,800,1.97701554429976,9,0.315306813242134,"5/9/14"
270,40,1.975816581224,7,0.22850339774516,"11/13/13"
770,40,1.97344057774032,8,0.264368508876411,"7/11/11"
260,1040,1.97236697064963,9,0.242872633515262,"13/15/27"
1160,940,1.97122352932377,10,0.35715954199419,"5/10/17"
130,640,1.96963990558583,9,0.234659371454531,"14/15/22"
780,820,1.96891316086926,12,0.362924444028182,"12/19/30"
1160,540,1.96814161186557,8,0.19393474817867,"7/14/19"
620,1170,1.96812210372068,8,0.223694579227667,"7/10/20"
540,980,1.96723463555336,9,0.262098155232343,"14/19/34"
540,920,1.96595505742453,8,0.277459486874524,"14/19/32"
170,110,1.96546969440262,9,0.213576198663291,"11/12/13"
760,830,1.96534125668467,8,0.263764806456744,"13/20/32"
950,290,1.96496695321414,8,0.317561155898066,"12/21/25"
270,970,1.96400289810738,8,0.244094295817524,"11/13/23"
610,490,1.96067682090204,9,0.277203798411333,"9/13/17"
200,130,1.96049196022902,9,0.200628678576388,"9/10/11"
670,870,1.96006241714746,8,0.229716268641388,"13/19/32"
580,900,1.95913300099553,8,0.257600920952225,"13/18/30"
1100,1180,1.95843132629398,8,0.261326814452151,"8/15/30"
810,40,1.95686731657262,9,0.206214574896839,"5/8/8"
360,1060,1.95670516753463,8,0.230003598859917,"13/16/30"
1080,1170,1.95603624365795,9,0.257963963740735,"9/17/33"
420,1030,1.95276504467795,8,0.235016882982765,"7/9/16"
730,950,1.95200933454176,8,0.256487016931332,"8/12/21"
140,950,1.95194734046896,9,0.236942689304814,"14/15/26"
590,960,1.95128411466823,9,0.333963476847978,"5/7/12"
360,1000,1.94874783528807,8,0.245852708406908,"9/11/20"
280,880,1.9484941089899,9,0.233827795327836,"12/14/23"
1000,740,1.94809394031331,9,0.252541136949599,"9/16/25"
1020,850,1.94629825785666,8,0.222443876734868,"10/18/29"
160,200,1.9445992055626,10,0.300095118212343,"9/10/11"
1110,820,1.9441913204644,9,0.241578982996025,"11/21/34"
1060,1170,1.94340819864811,8,0.320291786792317,"6/11/22"
610,550,1.93916788603415,10,0.292272908402385,"15/21/29"
1160,270,1.93872481079556,8,0.26056759031435,"3/6/7"
430,970,1.93792113942742,10,0.291144283574686,"7/9/16"
1030,790,1.93757251997588,9,0.198429652283155,"11/20/32"
210,1070,1.93676889291447,8,0.245924391517061,"8/9/17"
1170,60,1.93558406875619,9,0.268382094497695,"13/26/27"
810,810,1.93275356112198,9,0.26647211295067,"13/21/33"
120,600,1.9321483244999,8,0.240920226094078,"14/15/21"
450,1020,1.93181640233022,10,0.263703897118914,"14/18/33"
120,680,1.93128064615333,8,0.234260787163155,"14/15/22"
520,770,1.92779167277827,9,0.231417423550562,"12/16/25"
840,40,1.92634138757994,9,0.302215643939277,"15/24/25"
820,870,1.92299195191382,9,0.320317599002847,"13/21/35"
940,760,1.92048792015448,8,0.309577555062296,"11/19/29"
340,1070,1.91936232911319,8,0.307322132415875,"14/17/32"
340,1010,1.91700139682348,7,0.2303960087829,"9/11/20"
840,800,1.91629275509038,7,0.278606915670488,"13/21/33"
810,1170,1.91429861247731,8,0.245580427660396,"10/16/31"
560,910,1.9067283306332,10,0.367575302725298,"13/18/30"
1140,30,1.90360009338161,9,0.252155522052956,"13/25/25"
840,860,1.90099009792681,9,0.331530876963796,"13/21/35"
120,720,1.89765517432265,8,0.256649655761313,"13/14/21"
230,1120,1.89444568507584,8,0.242451385943855,"15/17/33"
500,430,1.89413333491888,9,0.279139433316226,"15/20/26"
330,840,1.89265865845512,8,0.284234351062983,"9/11/18"
930,830,1.89264773057917,8,0.234196536088583,"10/17/28"
730,360,1.89242114281934,9,0.293481934423587,"15/23/28"
200,40,1.8923922578946,10,0.302203426817786,"7/8/8"
670,640,1.89190392441098,7,0.230208671286206,"6/9/13"
450,960,1.89141066257951,8,0.255715669735281,"7/9/16"
570,1170,1.89007341101829,7,0.241665680857057,"8/11/22"
560,320,1.88879057965164,8,0.275958956980926,"15/21/25"
560,380,1.8857744418039,8,0.318656692116813,"15/21/26"
400,770,1.88575585319154,8,0.261954666757523,"16/20/31"
730,730,1.88527133143827,8,0.244196440439735,"10/15/23"
320,220,1.88505824767997,9,0.309600360219687,"14/17/19"
960,1170,1.88500713584583,7,0.206357301471021,"7/12/24"
680,550,1.88280234858794,7,0.219067580793443,"13/19/26"
810,1120,1.8826540952221,8,0.221488629652183,"5/8/15"
730,1100,1.88255441458874,8,0.236602512122384,"11/17/32"
220,140,1.88140100517197,8,0.277263706939214,"13/15/16"
730,1140,1.87840499699233,9,0.239010407124434,"12/18/35"
160,570,1.87673551179463,8,0.277075665718979,"12/13/18"
550,680,1.87459599913365,7,0.270409812909793,"11/15/22"
260,280,1.87210157809999,8,0.285997573877029,"14/16/19"
810,930,1.87163998023952,8,0.243964844255505,"7/11/19"
470,260,1.87020808219695,7,0.289202438648023,"13/17/20"
610,950,1.86925755070465,7,0.27892626026057,"7/10/17"
570,660,1.86889359479064,9,0.30280950511952,"8/11/16"
560,600,1.86626502743581,8,0.250616404343701,"5/7/10"
920,950,1.86598916408597,8,0.27354049307581,"7/12/21"
230,940,1.86425973784301,7,0.225429919632724,"7/8/14"
350,1170,1.86204005819435,7,0.274981899577199,"13/16/31"
1090,430,1.8617507373756,7,0.278647453906366,"8/15/19"
1100,640,1.857503734636,7,0.273374039993706,"8/15/22"
370,870,1.85513147629476,9,0.364012738732979,"12/15/25"
500,340,1.85501669738077,8,0.261868725071942,"14/19/23"
120,920,1.85492037007167,8,0.243484657902337,"12/13/22"
20,750,1.85491646733669,8,0.284506859486149,"9/9/14"
0,760,1.85475439022735,8,0.284511006930075,"9/9/14"
530,640,1.85165166767297,8,0.320621177009204,"8/11/16"
430,800,1.85155323493667,7,0.273914663512777,"11/14/22"
0,460,1.85151105988285,7,0.279389494636124,"10/10/13"
780,570,1.85148601429219,7,0.245416226407934,"5/8/11"
670,1120,1.85116459313606,7,0.240381202439615,"6/9/17"
920,770,1.85086782279826,8,0.349158663733262,"13/22/34"
10,910,1.85078638201138,7,0.251821109702841,"10/10/17"
540,1170,1.84715888034182,7,0.286440311052155,"13/18/35"
940,570,1.84646366188221,7,0.229734014412054,"10/17/24"
530,450,1.84590172652475,8,0.252169940538663,"8/11/14"
380,270,1.84569018798419,8,0.229553480546375,"13/16/19"
20,630,1.84406968808386,8,0.308764443102119,"9/9/13"
10,410,1.84398624416221,7,0.264975466859511,"11/11/14"
0,640,1.8438961213141,8,0.30876940422527,"9/9/13"
820,650,1.84378247908306,7,0.25728595177979,"8/13/19"
0,550,1.84327343779445,8,0.344811721333459,"8/8/11"
470,950,1.84216942058079,7,0.275763912491399,"13/17/29"
520,1130,1.84096347924843,7,0.23664046854865,"12/16/31"
730,900,1.83850356220186,8,0.290626019098209,"2/3/5"
10,600,1.83743597442462,7,0.261513262262897,"7/7/10"
10,840,1.8357123682443,8,0.325124844236273,"8/8/13"
470,480,1.8356084076693,8,0.273117180479729,"16/21/28"
660,930,1.83479681119355,7,0.333803476285455,"13/19/33"
190,860,1.83435054690031,6,0.251510868801091,"10/11/18"
20,1030,1.83411988801787,7,0.310108029398209,"6/6/11"
0,1040,1.83405861021455,7,0.310109631069367,"6/6/11"
890,40,1.83403091826837,8,0.364993516365519,"15/25/26"
810,750,1.83344785975191,8,0.243689791103543,"7/11/17"
520,570,1.83312410006761,6,0.272795626917684,"15/20/28"
330,400,1.83157684156314,7,0.260611503769299,"10/12/15"
1090,470,1.83047717662844,8,0.287505740771529,"7/13/17"
10,990,1.83022485786446,6,0.277284050201762,"9/9/16"
470,1170,1.82931684186372,7,0.241962980198434,"10/13/26"
1200,780,1.8286262231416,8,0.280434779314076,"7/14/22"
750,480,1.82808841400523,8,0.283233541269151,"13/20/26"
300,630,1.82778895336515,8,0.224917381695232,"17/20/29"
670,750,1.82741257560317,8,0.340565189139614,"11/16/25"
770,390,1.82714973548817,7,0.342069997978075,"13/20/25"
1060,610,1.82600973169542,7,0.285329033286549,"12/22/31"
910,630,1.82519190558722,8,0.248230863198546,"13/22/32"
740,840,1.82430148375251,7,0.354144153288351,"13/20/32"
580,1110,1.82410039781997,8,0.268080673313996,"12/17/32"
850,680,1.82399308996123,7,0.238630363046357,"11/18/27"
310,920,1.82164926584717,6,0.221133511928276,"11/13/22"
110,250,1.81926281155314,7,0.240984902423829,"17/18/21"
150,930,1.81906753101387,7,0.299175053887103,"13/14/24"
850,530,1.8177388543853,8,0.384482370954245,"14/23/31"
910,1120,1.81742393963641,7,0.249660648596228,"10/17/32"
240,150,1.81623694328097,8,0.329435594803375,"12/14/15"
130,890,1.81464589411387,8,0.278285763525415,"14/15/25"
520,870,1.8142844256381,8,0.320167337949093,"9/12/20"
820,590,1.81386105209284,8,0.308988198189031,"8/13/18"
730,1010,1.8137516071957,7,0.264996393630076,"13/20/36"
120,560,1.81365603274351,8,0.279724950809789,"15/16/22"
1200,90,1.81124994724852,7,0.262053664512841,"9/18/19"
270,550,1.81049212252637,7,0.294852951563897,"12/14/19"
270,820,1.81044001961067,7,0.286963819562765,"11/13/21"
1050,780,1.80807309995944,8,0.309028701903778,"6/11/17"
950,980,1.80779662985991,8,0.267629816410286,"7/12/21"
280,1160,1.80750978080413,9,0.38532792716951,"11/13/25"
1100,230,1.8074318313675,8,0.262732444934934,"8/15/17"
680,380,1.80686751026951,7,0.24502588763697,"14/21/26"
470,770,1.80665384288574,7,0.300718930712,"15/20/31"
110,460,1.80641813541212,7,0.294491593500082,"15/16/21"
860,440,1.80616277102957,8,0.271423948123027,"8/13/17"
630,610,1.80603021255424,7,0.308262722898058,"13/19/27"
470,330,1.80560952387494,7,0.262732931540032,"10/13/16"
300,590,1.80544431343771,7,0.243971597509902,"16/19/27"
1010,600,1.80331483137417,7,0.251645307732155,"11/20/28"
770,1170,1.80181105641042,8,0.301039870459731,"12/19/37"
480,530,1.80158123849464,7,0.294241574426806,"15/20/27"
470,880,1.80059755054371,7,0.309538179631868,"13/17/28"
390,360,1.80027938937952,7,0.244447172748188,"17/21/26"
840,1030,1.80027302895241,7,0.274370835924206,"10/16/29"
730,120,1.79723913435961,8,0.316663039487839,"8/12/13"
730,310,1.79595178501989,8,0.313634931528695,"13/20/24"
1020,150,1.7937181246473,8,0.256749875584234,"6/11/12"
890,620,1.79308343247175,9,0.314873580713671,"12/20/29"
830,410,1.79268757063124,8,0.292014836126537,"13/21/27"
1090,260,1.79214722677764,8,0.337571833376879,"10/19/22"
630,190,1.79177310967336,7,0.2354546117926,"16/23/26"
590,1020,1.79005951285907,7,0.33166999480174,"10/14/25"
780,200,1.78945746059967,7,0.255663913269848,"12/19/21"
360,670,1.78938732201643,7,0.282223496942146,"12/15/22"
120,390,1.78834779733609,8,0.360618908185601,"15/16/20"
1100,1120,1.78832587694508,6,0.273919767770463,"10/19/36"
1030,730,1.78730099684772,7,0.26172761741869,"5/9/14"
880,550,1.78436984579431,6,0.274253118007418,"11/18/25"
1010,920,1.78436101091885,7,0.261909214618665,"9/16/27"
330,320,1.78408438460956,7,0.278533012157567,"9/11/13"
590,400,1.78372973800872,7,0.238573683182986,"14/20/25"
1070,300,1.7833717389658,7,0.282853122681147,"6/11/13"
440,540,1.7832366090494,9,0.350222210220231,"13/17/23"
860,1170,1.78157288344059,7,0.236130593026656,"12/20/39"
670,1030,1.78000573299172,7,0.309381539621554,"11/16/29"
440,590,1.77997603371342,7,0.288419198868102,"10/13/18"
440,310,1.77964775531463,6,0.280427798966939,"17/22/26"
440,450,1.77913823282119,7,0.267045364850087,"10/13/17"
910,500,1.77865019897911,7,0.312435717435692,"7/12/16"
770,250,1.77714021665372,7,0.344932981169732,"9/14/16"
360,250,1.77643333919929,7,0.362527344245033,"17/21/24"
270,500,1.77617092655008,8,0.297353593189928,"13/15/20"
620,780,1.7744757291085,6,0.310203148179807,"12/17/27"
1080,390,1.77353718923897,7,0.248584835363018,"9/17/21"
110,430,1.77077654420226,6,0.243164383671425,"16/17/22"
530,280,1.77055528798763,7,0.315745656344121,"8/11/13"
1010,670,1.76984599171689,7,0.279329509664401,"5/9/13"
990,90,1.76884951066483,6,0.283670164953032,"9/16/17"
590,260,1.76884893465222,7,0.268507034319675,"13/18/21"
270,100,1.76859374691568,8,0.252295335215218,"12/14/15"
1150,740,1.76776150282371,7,0.251742626860924,"12/23/36"
780,980,1.76723419784245,8,0.294954014108991,"9/14/25"
470,1010,1.76717789213891,8,0.286377684469881,"3/4/7"
950,520,1.76675950372844,7,0.247913689304431,"11/19/26"
60,1200,1.76547526470614,10,0.405586262483823,"16/17/34"
560,120,1.76402712048508,7,0.314153585236998,"10/14/15"
730,630,1.76390102293785,8,0.381717297396395,"6/9/13"
870,100,1.76364827476052,8,0.317282887681095,"12/20/21"
910,1080,1.763318307769,7,0.285354882238577,"10/17/32"
130,1200,1.76299837314181,7,0.266342342391589,"13/14/28"
0,790,1.76242459495091,7,0.341528472242735,"7/7/11"
860,1070,1.76150902930469,7,0.269975882564268,"8/13/24"
1040,680,1.76123434796939,8,0.259748234377012,"11/20/30"
470,630,1.76075432326525,8,0.320533445811553,"10/13/19"
1060,230,1.76013404285277,8,0.271309989744815,"12/22/25"
580,730,1.75975507903995,7,0.29044671075468,"8/11/17"
620,1050,1.75964865264943,8,0.267128222461713,"9/13/24"
520,1040,1.7592626501845,7,0.327019192131151,"9/12/22"
900,130,1.75868108569015,7,0.256340221379875,"6/10/11"
320,660,1.75665216198429,7,0.262126260402095,"9/11/16"
110,370,1.75661847628343,7,0.349764487978635,"16/17/21"
730,190,1.75545076132695,7,0.270765965200573,"13/20/22"
1110,210,1.75490698735564,7,0.287183427088852,"8/15/17"
720,90,1.75375560373484,8,0.272958830034866,"12/18/19"
440,400,1.7530085323473,6,0.348791297296489,"14/18/23"
610,1000,1.75265704686085,7,0.299911990817106,"7/10/18"
970,650,1.75250565563791,6,0.22219655366634,"9/16/23"
520,110,1.75164410165636,8,0.318701561818774,"11/15/16"
640,280,1.75073756002463,7,0.333784645538031,"16/23/27"
940,350,1.75073613727923,6,0.290242833190028,"11/19/23"
440,1170,1.7506483543666,7,0.24370666276066,"14/18/35"
200,220,1.74922592308057,6,0.274192026212436,"7/8/9"
630,420,1.74899735426484,7,0.270797863016366,"13/19/24"
210,910,1.74802104181422,7,0.242937634338235,"14/16/27"
120,820,1.74644428644371,8,0.378980150827876,"14/15/24"
410,100,1.74630338140172,7,0.322472458312713,"15/19/20"
0,250,1.74625810015691,7,0.256664476537379,"6/6/7"
860,910,1.74493070010072,7,0.373392709416477,"8/13/22"
120,520,1.74469050309903,7,0.303338105865571,"13/14/19"
910,720,1.7428836136153,7,0.29194427049144,"7/12/18"
1110,0,1.74238312805058,7,0.261617145268929,"10/19/19"
720,450,1.74222709736877,6,0.265141143505402,"13/20/26"
550,1090,1.74221088712543,6,0.256450197416007,"11/15/28"
760,0,1.74168928673851,7,0.296982320377201,"9/14/14"
1000,530,1.74123261120194,7,0.324920280513047,"9/16/22"
1010,310,1.7401827364308,7,0.390511946601857,"9/16/19"
480,130,1.73813474799595,7,0.290331260861699,"9/12/13"
310,750,1.73755864597044,8,0.293189048658094,"15/18/28"
300,380,1.73557501560332,7,0.323221760903341,"10/12/15"
440,240,1.73553438840091,7,0.320248236265333,"10/13/15"
1040,260,1.73438241191155,7,0.305359095863927,"10/18/21"
970,1110,1.73360331799108,7,0.285682666556322,"9/16/30"
950,1030,1.73218560776479,6,0.327375396540169,"7/12/22"
730,230,1.73145293378198,7,0.359186669595209,"15/23/26"
120,850,1.73140894462897,7,0.253050699369673,"13/14/23"
380,630,1.72884329116605,8,0.3030803752983,"16/20/29"
450,100,1.72855695845448,6,0.336146559921738,"13/17/18"
340,620,1.72847276649408,6,0.296997499186914,"15/18/26"
190,290,1.72712227077411,6,0.245241300889381,"9/10/12"
1150,990,1.72675339349846,7,0.279510833444228,"10/19/34"
120,760,1.72427909051417,7,0.29847622427256,"15/16/25"
680,170,1.72279215531299,6,0.27194255821965,"14/21/23"
1080,930,1.72253667489345,7,0.30361422296315,"9/17/29"
780,720,1.72218351602306,7,0.256611305075988,"5/8/12"
170,510,1.72184978668941,6,0.262083934344792,"18/20/27"
1100,330,1.72144463341822,8,0.40343530714224,"10/19/23"
320,550,1.72122497957428,7,0.28755846476882,"15/18/25"
210,790,1.72086591306187,6,0.263201917830058,"15/17/27"
830,110,1.72065735015834,7,0.302100730856292,"10/16/17"
970,140,1.72047280242535,7,0.290104830467997,"8/14/15"
990,130,1.7198663231467,6,0.290942351081334,"13/23/25"
730,1060,1.71940524458748,7,0.290708447659007,"13/20/37"
270,190,1.71789747460321,7,0.268870678102468,"17/20/22"
240,870,1.71766136926212,6,0.33176654111729,"13/15/25"
410,920,1.71746092224024,8,0.304223705450259,"11/14/24"
670,260,1.7161794423916,9,0.442262120003552,"13/19/22"
590,580,1.71615680465518,6,0.278321515593575,"7/10/14"
670,310,1.71571120538784,8,0.40041431304079,"13/19/23"
580,190,1.71518880496321,7,0.335202329754549,"13/18/20"
640,0,1.7145411495407,7,0.322508033263297,"9/13/13"
610,680,1.7142864045341,7,0.31846765730456,"12/17/25"
680,600,1.71386398267693,7,0.284769142759918,"10/15/21"
1120,190,1.71118190883173,7,0.313478981716638,"9/17/19"
460,220,1.70867822756632,7,0.321397749736115,"17/22/25"
860,960,1.70865617248647,7,0.306334850490986,"9/15/26"
1100,890,1.70861992913059,7,0.328448264664061,"8/15/25"
1200,1000,1.70843998043379,7,0.28082984875318,"7/14/25"
150,320,1.70788790920714,6,0.339114839103183,"13/14/17"
1100,1060,1.70697876511639,7,0.321247038721317,"10/19/35"
830,520,1.70608373926075,7,0.306328847005281,"5/8/11"
430,680,1.70465997160255,7,0.344404843659365,"11/14/21"
390,430,1.70387801700317,6,0.323933783704994,"8/10/13"
470,1070,1.7037447314905,7,0.320727653495926,"10/13/24"
220,240,1.70294702139077,7,0.251459867105867,"16/18/21"
110,330,1.70243483329766,7,0.315192952943392,"14/15/18"
240,340,1.7024286293824,7,0.324454052450564,"13/15/18"
970,470,1.70242548259405,6,0.326754028896508,"13/23/30"
1090,910,1.7015986536855,7,0.345889407378901,"7/13/22"
1060,970,1.70078212572564,7,0.272184721321946,"7/13/23"
530,520,1.69991567473832,6,0.365275812069435,"11/15/20"
940,720,1.69909597150108,7,0.270680952995464,"11/19/29"
410,880,1.6982137411214,6,0.324192064821867,"11/14/23"
230,810,1.69810487547942,6,0.280891133583318,"13/15/24"
330,1110,1.6974122743335,7,0.309986915263846,"10/12/23"
170,670,1.69691565207658,7,0.34453540313354,"10/11/16"
570,550,1.69614764846477,6,0.287094260417676,"10/14/19"
330,780,1.6957777559509,6,0.394754182920557,"10/12/19"
580,470,1.69509881230472,6,0.288596766659155,"12/17/22"
380,200,1.69482003245823,6,0.317314475993118,"13/16/18"
920,1170,1.69320482319627,7,0.28776093036731,"10/17/33"
10,340,1.6928084874166,7,0.363280989143773,"9/9/11"
1050,500,1.69158628354838,7,0.343586962600329,"13/24/32"
1020,1130,1.6902329660068,6,0.24153689780029,"11/20/38"
950,150,1.68973999575727,7,0.283216657915362,"7/12/13"
990,500,1.68951042726339,5,0.271678512049645,"13/23/31"
310,450,1.68946399278823,6,0.355061872556851,"11/13/17"
860,480,1.68944191740989,7,0.328601456048301,"11/18/24"
280,400,1.68907088314278,7,0.360434541624866,"17/20/25"
0,180,1.68866553974255,6,0.357877028311352,"9/9/10"
180,0,1.6884769797822,6,0.35772573770225,"9/10/10"
320,730,1.68556875472932,7,0.286213224355183,"14/17/26"
260,470,1.68548056532149,6,0.278501775543738,"17/20/26"
370,790,1.68384432705701,7,0.327703408095899,"13/16/25"
330,570,1.6829430631002,6,0.394533776448482,"15/18/25"
1020,960,1.68268110433844,6,0.242821671776863,"9/16/28"
1100,560,1.6826649933531,8,0.302765185140976,"10/19/26"
1200,860,1.68187423268233,6,0.2804153922691,"7/14/23"
880,480,1.68173917171086,7,0.323810060181823,"6/10/13"
370,520,1.68054228975954,6,0.291764715832547,"9/11/15"
630,730,1.6805376662933,6,0.357516476024709,"9/13/20"
590,90,1.67995905854971,6,0.300053473178627,"15/21/22"
370,730,1.67989801894263,9,0.299955377532257,"9/11/17"
1060,1090,1.67979732499014,5,0.258994822237413,"6/11/21"
480,820,1.67977468531546,7,0.28055019591423,"15/20/32"
180,260,1.67720386473698,7,0.344299582828128,"17/19/22"
260,680,1.67585960945358,6,0.322824568536243,"7/8/12"
420,150,1.67564834113483,6,0.332581910731499,"15/19/21"
770,1020,1.67564521807696,6,0.271164962882058,"9/14/25"
320,110,1.67556169952045,8,0.361059902349993,"14/17/18"
390,540,1.67514075675269,8,0.264266461300836,"15/19/26"
970,1040,1.67468807157951,6,0.329521584862452,"12/21/38"
1190,940,1.67467786856701,7,0.298171096191957,"7/14/24"
220,680,1.67368725502855,6,0.344131884799939,"15/17/25"
730,670,1.67342132587787,6,0.281075266377848,"4/6/9"
480,100,1.67303673762544,6,0.297252310291445,"13/17/18"
920,170,1.67227579595495,7,0.327254264171355,"10/17/19"
170,350,1.67206928625264,5,0.30389310872804,"17/19/23"
300,430,1.67199316847289,7,0.396749585081511,"15/18/23"
900,180,1.67174771859597,7,0.373285883175257,"6/10/11"
420,380,1.67169318679892,7,0.3066769157746,"15/19/24"
200,390,1.67162230079774,7,0.34212933114039,"17/19/24"
350,500,1.66966762556609,7,0.341708105933475,"17/21/28"
870,240,1.66866331185348,7,0.308821367902211,"12/20/23"
990,1000,1.66857565165403,8,0.348223012771159,"8/14/25"
380,480,1.66854186550789,6,0.283532078710418,"8/10/13"
510,170,1.66441827019219,7,0.335655183058573,"15/20/22"
470,840,1.66411517249406,7,0.303747750093462,"10/13/21"
1100,970,1.66403502788048,6,0.309011694018054,"9/17/30"
1050,460,1.66337828669027,6,0.257567762510228,"13/24/31"
610,840,1.66255750900215,6,0.289662966463735,"7/10/16"
630,340,1.6624669575629,8,0.34713478671771,"9/13/16"
1110,300,1.66202772319328,7,0.343851545412413,"11/21/25"
1090,1000,1.66152216784188,7,0.320076157259186,"9/17/30"
0,290,1.65914292191153,5,0.312247715035564,"11/11/13"
310,1170,1.6589641986702,7,0.366602216816222,"15/18/35"
910,390,1.65891777474795,6,0.324521876550235,"7/12/15"
1100,1030,1.65862139943749,6,0.353878490246936,"9/17/31"
540,190,1.6581886714928,7,0.333084872543477,"13/18/20"
370,400,1.6579004457747,6,0.290749790154677,"9/11/14"
210,580,1.65757668790875,6,0.283323445245981,"16/18/25"
160,910,1.65708541141699,7,0.38329933240281,"12/13/22"
830,450,1.65707873378411,6,0.272966182596121,"13/21/27"
330,970,1.65682715668772,7,0.344679269832052,"10/12/21"
670,700,1.65622241312371,7,0.394911250597673,"11/16/24"
580,830,1.65488556940962,6,0.329665170516174,"13/18/29"
1040,930,1.65428003185684,6,0.285959663819736,"11/20/34"
730,270,1.65369195579211,7,0.334448160023394,"15/23/27"
200,720,1.65298939009587,6,0.33769745742874,"17/19/29"
270,350,1.65276418468077,6,0.386183638458031,"12/14/17"
280,720,1.65165298271317,6,0.296595239169744,"5/6/9"
200,550,1.65041278800253,6,0.355625172740794,"17/19/26"
190,530,1.65028986403774,5,0.260029626064432,"17/19/26"
410,500,1.64931898872209,6,0.35185652489676,"7/9/12"
480,1120,1.64869147195653,7,0.288854073079346,"9/12/23"
390,130,1.64865584444086,7,0.36617812175414,"12/15/16"
1030,370,1.64841986157131,7,0.313684870180876,"12/22/27"
400,720,1.64817165255331,6,0.291109356891286,"11/14/21"
970,390,1.64582909471551,7,0.28454304135919,"11/19/24"
950,860,1.6451267781782,7,0.273676652453717,"8/14/23"
520,810,1.64424356006831,5,0.267480284861987,"11/15/24"
1010,1170,1.6442121813142,6,0.386551070444008,"10/18/35"
230,650,1.64315551959732,6,0.370161332790088,"15/17/25"
680,330,1.64314942721238,6,0.353945028383673,"10/15/18"
900,90,1.64284268647029,6,0.305560670933133,"13/22/23"
370,1100,1.64263107466886,7,0.256702309816802,"9/11/21"
160,730,1.64180286445405,7,0.370265158859399,"12/13/20"
400,520,1.64142125457499,7,0.379922535029692,"16/20/27"
1010,400,1.64113822301339,6,0.272464055942596,"11/20/25"
640,230,1.63836680976307,6,0.371411515296775,"9/13/15"
780,630,1.63785173345621,7,0.373712044265477,"7/11/16"
290,0,1.63624110710661,5,0.313632792119447,"11/13/13"
410,640,1.63613279740689,6,0.292987284263834,"7/9/13"
680,680,1.63578015458738,6,0.357362491665217,"10/15/22"
520,300,1.633229280426,7,0.293640926801707,"15/20/24"
990,950,1.63318341726415,7,0.336506043763278,"9/16/28"
1020,450,1.63243739396461,6,0.340433634030436,"11/20/26"
310,820,1.63152319958783,6,0.315720980266781,"15/18/29"
790,120,1.62803427555819,6,0.345767415604593,"10/16/17"
530,0,1.62781715904368,6,0.284410934140762,"11/15/15"
210,310,1.6270175432233,6,0.302414502897665,"14/16/19"
970,310,1.62634051508205,6,0.389731500989732,"12/21/25"
260,840,1.62426685961222,7,0.299335303772586,"12/14/23"
1080,200,1.62388975950734,6,0.30610454497651,"9/17/19"
250,600,1.62371978152396,7,0.373860919749257,"13/15/21"
870,730,1.62289910528762,8,0.322394859462829,"6/10/15"
670,230,1.62266791239507,7,0.377530510579424,"15/22/25"
470,170,1.62185863840348,6,0.368234213939865,"16/21/23"
550,790,1.62177958467582,5,0.282756409815273,"11/15/24"
920,690,1.61981314909928,5,0.325164222887019,"13/22/33"
360,1130,1.61880382558418,6,0.289111594122457,"13/16/31"
820,270,1.61864759091571,7,0.425520608872273,"8/13/15"
460,420,1.61825293821637,6,0.287652305066126,"14/18/23"
260,380,1.61548701641157,6,0.363120734981388,"18/21/26"
560,1010,1.61531989896485,6,0.298293616316842,"13/18/32"
360,920,1.61483308834735,6,0.333888764451242,"13/16/27"
370,650,1.61419182451056,7,0.342851708511789,"16/20/29"
770,680,1.61344312532247,5,0.316699690251461,"9/14/21"
520,240,1.61269362131238,5,0.264315011478235,"11/15/17"
810,1010,1.61253362833654,6,0.331747040050579,"12/19/34"
390,90,1.60915053500268,6,0.369858232764872,"16/20/21"
810,150,1.60893676085738,5,0.346389544821658,"15/24/26"
1080,530,1.60813303244389,7,0.401916722022407,"9/17/23"
590,310,1.60703772310138,6,0.371536163997938,"15/21/25"
360,180,1.60685464551684,6,0.31915223141606,"8/10/11"
370,950,1.60671533609938,6,0.294698418660709,"13/16/28"
430,1080,1.60608369227958,7,0.317937406158302,"11/14/26"
990,10,1.60607494692543,5,0.315069694051682,"9/16/16"
670,1080,1.60588406357395,6,0.372779337538659,"11/16/30"
780,90,1.60215362307277,6,0.311126336411535,"14/22/23"
560,870,1.6009093177485,6,0.250907269261253,"13/18/30"
790,310,1.59858484592288,7,0.305226564985932,"10/16/19"
760,1060,1.59780756437847,6,0.335988070270908,"9/14/26"
840,210,1.59609246516795,6,0.298129193037869,"13/21/24"
540,1060,1.59601531313264,5,0.292360387767015,"14/19/35"
510,1160,1.59392437828046,6,0.346174669776599,"14/19/37"
590,350,1.59279643473377,6,0.349962407374486,"10/14/17"
290,150,1.59016980695142,5,0.298825467326319,"17/20/22"
840,170,1.58965717565192,7,0.291430013299147,"13/21/23"
450,850,1.58662678723252,7,0.442920807396835,"10/13/21"
230,610,1.5860505172371,6,0.305378540125276,"14/16/23"
410,210,1.58557216520126,6,0.320232286541048,"12/15/17"
180,430,1.58493822920497,5,0.280324401815474,"10/11/14"
1110,500,1.58429426428934,6,0.381717367732065,"11/21/28"
170,800,1.57985614040126,5,0.315737089946204,"9/10/16"
930,470,1.57750827595636,6,0.334392131805166,"13/22/29"
1050,390,1.57718896933039,6,0.347135573466131,"13/24/30"
220,420,1.57717496754017,6,0.386928742256944,"16/18/23"
1020,1070,1.57467262210681,5,0.35262714269454,"11/20/37"
630,1080,1.57457875277602,5,0.394021183118725,"9/13/24"
450,1120,1.57330731328232,7,0.437992618512278,"10/13/25"
190,940,1.57323327210298,6,0.321017573181128,"16/18/31"
690,50,1.57189836225735,5,0.377382411607566,"15/22/23"
480,290,1.57069914771041,6,0.324972239421412,"16/21/25"
910,210,1.56611105027754,6,0.311847998218401,"10/17/19"
180,770,1.56537974186463,7,0.445458225104439,"8/9/14"
250,0,1.56334415570477,6,0.293995654401186,"6/7/7"
210,470,1.56221794886089,5,0.296089126336773,"17/19/25"
830,770,1.5621032634421,5,0.290049337309061,"10/16/25"
900,670,1.56159090391195,6,0.296870683697085,"10/17/25"
360,0,1.56120865169995,5,0.276804643973753,"9/11/11"
640,1110,1.55843095566492,6,0.262928506695135,"7/10/19"
490,670,1.55778107442904,7,0.331672042656333,"15/20/29"
320,160,1.55766405940843,5,0.257148307944714,"9/11/12"
520,600,1.5550610511161,7,0.28911510765715,"11/15/21"
260,760,1.5542244949571,6,0.365267115095715,"6/7/11"
330,950,1.55368340240397,7,0.362529166870478,"9/11/19"
580,510,1.55208275103787,5,0.364853676090446,"15/21/28"
270,740,1.55148255217175,7,0.345627603000613,"11/13/20"
770,350,1.54772566829438,6,0.310897470366277,"9/14/17"
1020,1030,1.54702846260118,5,0.358303035165167,"11/20/36"
910,890,1.54419092723085,6,0.384411457635204,"7/12/20"
230,730,1.54024987699717,6,0.425650847739718,"15/17/26"
900,1160,1.53713498475379,5,0.382391602273876,"10/17/33"
550,250,1.53058888235391,6,0.336799825861029,"5/7/8"
940,1080,1.52796089679113,6,0.340614337440443,"4/7/13"
760,320,1.52424573179693,4,0.332392443554976,"9/14/17"
920,420,1.51587676758378,6,0.429293432948321,"13/22/28"
860,1110,1.51467922505255,6,0.340375572344344,"11/18/34"
1200,180,1.51384471810869,5,0.316758359617419,"5/10/11"
500,930,1.50921644921026,6,0.400927850152645,"12/16/27"
860,1130,1.50598351914491,6,0.328902417654077,"8/13/25"
1050,560,1.49753557567199,5,0.325743103596509,"6/11/15"
910,910,1.46067818824423,6,0.367431982653556,"6/10/17"
1200,300,1.45939538872854,6,0.350418978059331,"8/16/19"
410,1120,1.45709279873166,4,0.362110773116762,"7/9/17"
760,140,1.44743556505287,4,0.387675274203688,"9/14/15"
640,680,1.39754474233053,4,0.341144444907707,"13/19/28"
10,10,"8.58442673483381e-05",1,0.999994006606692,"1/1/1"
